run,seed,workers,tasks,queued,completed,started,shard0_count,shard1_count,median_latency_us,spread_latency_us,max_latency_us,bug_count,bug_fraction,shard0_median_latency_us,shard1_median_latency_us,window_us,violation_us,episodes,span_us,violation_fraction,pace_late_us
0,250717358276124,4,4000,4000,4000,4000,1000,3000,145.000,32918.023,32971.023,672,0.168000,332.001,113.000,-1.000,-1.000,0,0.000,-1.000000,114.637
1,250717358276124,4,4000,4000,4000,4000,1000,3000,134.000,30920.022,30976.022,683,0.170750,312.000,111.000,-1.000,-1.000,0,0.000,-1.000000,110.637
2,250717358276124,4,4000,4000,4000,4000,1000,3000,144.000,30977.021,31019.021,704,0.176000,331.500,111.000,-1.000,-1.000,0,0.000,-1.000000,109.637
3,250717358276124,4,4000,4000,4000,4000,1000,3000,134.000,31958.022,32014.022,692,0.173000,330.000,110.000,-1.000,-1.000,0,0.000,-1.000000,110.637
4,250717358276124,4,4000,4000,4000,4000,1000,3000,132.500,30402.022,30455.022,696,0.174000,304.000,111.000,-1.000,-1.000,0,0.000,-1.000000,112.637
5,250717358276124,4,4000,4000,4000,4000,1000,3000,140.000,31991.022,32048.022,684,0.171000,331.000,111.001,-1.000,-1.000,0,0.000,-1.000000,113.638
6,250717358276124,4,4000,4000,4000,4000,1000,3000,142.495,30025.155,30076.152,674,0.168500,322.481,111.994,-1.000,-1.000,0,0.000,-1.000000,113.621
7,250717358276124,4,4000,4000,4000,4000,1000,3000,144.991,31916.041,31959.039,737,0.184250,314.981,113.993,-1.000,-1.000,0,0.000,-1.000000,111.622
8,250717358276124,4,4000,4000,4000,4000,1000,3000,149.991,31363.083,31406.080,801,0.200250,332.979,117.993,-1.000,-1.000,0,0.000,-1.000000,108.622
9,250717358276124,4,4000,4000,4000,4000,1000,3000,148.991,31988.051,32031.049,787,0.196750,331.980,116.993,-1.000,-1.000,0,0.000,-1.000000,110.622
10,250717358276124,4,4000,4000,4000,4000,1000,3000,133.992,31735.070,31784.067,729,0.182250,305.982,112.993,-1.000,-1.000,0,0.000,-1.000000,112.622
11,250717358276124,4,4000,4000,4000,4000,1000,3000,135.992,31331.101,31379.098,689,0.172250,313.981,110.993,-1.000,-1.000,0,0.000,-1.000000,111.622
12,250717358276124,4,4000,4000,4000,4000,1000,3000,141.492,31173.118,31217.115,724,0.181000,321.981,111.993,-1.000,-1.000,0,0.000,-1.000000,111.251
13,250717358276124,4,4000,4000,4000,4000,1000,3000,131.992,31354.116,31394.114,694,0.173500,299.982,110.993,-1.000,-1.000,0,0.000,-1.000000,111.622
14,250717358276124,4,4000,4000,4000,4000,1000,3000,139.992,31341.118,31386.115,684,0.171000,328.980,110.994,-1.000,-1.000,0,0.000,-1.000000,112.622
15,250717358276124,4,4000,4000,4000,4000,1000,3000,140.992,31892.091,31934.088,704,0.176000,328.981,110.994,-1.000,-1.000,0,0.000,-1.000000,110.622
16,250717358276124,4,4000,4000,4000,4000,1000,3000,140.991,30430.188,30477.185,689,0.172250,329.980,109.994,-1.000,-1.000,0,0.000,-1.000000,112.251
17,250717358276124,4,4000,4000,4000,4000,1000,3000,148.991,31104.150,31147.148,740,0.185000,331.981,114.993,-1.000,-1.000,0,0.000,-1.000000,111.251
18,250717358276124,4,4000,4000,4000,4000,1000,3000,144.991,30136.218,30184.215,686,0.171500,331.980,110.994,-1.000,-1.000,0,0.000,-1.000000,109.623
19,250717358276124,4,4000,4000,4000,4000,1000,3000,138.992,31251.152,31302.149,705,0.176250,328.480,110.993,-1.000,-1.000,0,0.000,-1.000000,111.622
20,250717358276124,4,4000,4000,4000,4000,1000,3000,143.492,32018.118,32074.114,718,0.179500,324.981,111.994,-1.000,-1.000,0,0.000,-1.000000,109.623
21,250717358276124,4,4000,4000,4000,4000,1000,3000,137.992,30154.233,30209.229,690,0.172500,321.481,111.994,-1.000,-1.000,0,0.000,-1.000000,109.623
22,250717358276124,4,4000,4000,4000,4000,1000,3000,136.492,31474.157,31521.155,690,0.172500,331.980,109.994,-1.000,-1.000,0,0.000,-1.000000,113.509
23,250717358276124,4,4000,4000,4000,4000,1000,3000,144.991,30786.201,30838.198,697,0.174250,304.483,112.993,-1.000,-1.000,0,0.000,-1.000000,112.251
24,250717358276124,4,4000,4000,4000,4000,1000,3000,131.992,30911.204,30959.201,693,0.173250,309.982,111.993,-1.000,-1.000,0,0.000,-1.000000,112.252
